,GOOGLE,DUCKDUCKGO,BING,YOUTUBE,EBAY
0,redBus,reddit,,red sauce pasta,
1,reddit,redstate,,redmi note 14 pro plus,
2,redmi,redbubble,,red light green light,
3,redmi note 13 pro,red ball,,red light area inside room,
4,red tape shoes,redmi note 13,,redmi note 14,
5,reduce image size,redmi,,red sauce pasta recipe,
6,redtape,redmi 14c,,redmi note 13 pro,
7,redmi 12 5g,reduce image size,,redmi 13 5g,
8,redmi note 14,,,red light area,
9,redmi note 14 pro,,,redeem code,
10,,,,redmi note 14 pro,
11,,,,red,
12,,,,red movie full movie,
13,,,,red bull,
